ID_REGIAO;DISTRITO;Populaçãototal;Populaçãopretaeparda;Populaçãofeminina;PopulaçãoInfantil;Populaçãojovem;Densidadedomiciliar;Favelas;Ofertadeempregoformal;Remuneraçãomédiamensaldoempregoformal;ProporçãodeImpostosobreserviçoISSarrecadado;Acessoatransportedemassa;Acessoainfraestruturacicloviária;Ocorrênciasdetrânsito;Mortesnotrânsito;AcessointernetMapeamentodasantenasáreakm;AcessointernetMapeamentodasantenasPopulaçãodistrito;Violênciacontraamulhertodas;Violênciacontraamulherfeminicídio;ViolênciaLGBTQIAP+;Violênciaracial;Homicídiosdejovens;Agressõesporintervençãopolicial;Mortesporintervençãopolicial;Idademédiaaomorrer;MortalidadeporCovid19;Gravideznaadolescência;Mortalidadematerna;Mortalidadeinfantil;Mortalidadepordoençasdoaparelhocirculatório;Mortalidadepordoençasdoaparelhorespiratório;TempomédioparaconsultasnaAtençãoBásica;TempomédioparaconsultasnaAtençãoEspecializada;Tempomédiopararealizaçãodeexamesespecializados;TempomédioemdiasparaConsultascomPsiquiatras;ICSAP–InternaçõesporCondiçõesSensíveisàAtençãoPrimária;CoberturaestimadaAtençãoBásica;CoberturaestimadaESF;Tempodeatendimentoparavagaemcreche;MatrículasnoEnsinoBásicoemescolaspúblicas;DistorçãoIdadeSérienoEnsinoFundamentaldaredemunicipal;AbandonoescolarnoEnsinoFundamentaldaredemunicipal;ÍndicedoNívelSocioeconômicodasEscolasINSE;Centrosculturais,casaseespaçosdecultura;Equipamentospúblicosdecultura;Cinemas;Museus;Teatros;Espaçosculturaisindependentes;Ocupaçõesculturais;EquipamentosculturaiscomWiFi;Equipamentospúblicosdeesporte
1;Água Rasa;82.564;13.8;53.6;7.7;32.6;2.9;0.1;5.1;2.868;0.24;6.7;36.4;11.9;8.5;6;5.2;250.9;1.65;1.21;0.48;13.5;0;0.4;75.1;16.4;4.9;34.4;5.3;125.9;16.8;45;48;40;41;20.76;44.9;0.1;68;71;10.3;0.05;5.5;0;2.42;0;0;0;0;0;0.12;0.2
12;Alto de Pinheiros;40.962;8.1;54.7;5.5;27.2;2.7;0;4.7;4.282;0.7;22;31.3;8.3;4.9;6.7;12.2;138.9;0;4.88;0.73;0;0;0.8;80.9;13.8;1.4;0;0;57.1;0;não aplicável;não aplicável;não aplicável;não aplicável;5.22;15.4;3.2;96;11.4;não aplicável;não aplicável;5.26;0;2.44;0;0;0;4.9;0;0;0
23;Anhanguera;84.719;50.3;50.8;9.8;47.2;3;3.9;0.4;4.155;0.07;0;0;5.9;11.8;0.5;2.1;158.7;0;0;0.59;17.9;0;1.6;58.6;18.6;10;96;11.5;60.9;17.4;34;36;36;não aplicável;12.78;99.3;69;81;92.9;7.2;0;5.05;0;3.54;0;0;0;0;0;0.12;0.4
34;Aricanduva;85.868;27.5;52.6;8.1;37.4;3.1;1.1;2.9;2.610;0.07;0;53.3;9.8;8.2;4;3.3;262;0;2.33;4.19;5.5;0;1.9;70.5;17.9;8.3;59;11.9;191.2;42.5;27;41;33;154;30.78;83.4;47.5;75;77.5;10;0.04;5.27;0;1.16;0;0;0;0;0;0.12;0.3
45;Artur Alvim;100.462;37.1;53.1;8.2;37.7;2.9;7.3;0.8;2.075;0.05;21.5;48.8;9.9;7;4;2.6;270.4;0;2.99;1.69;4.6;0;1.7;68.6;20.4;10.2;112.2;12.2;155.2;21.7;39;43;35;65;28.05;73.8;40.6;52;76.9;7;0.02;5.21;0;1;0;0;0;1;0;0;0.8
56;Barra Funda;16.115;15.7;54.4;8.7;33;2.5;1.1;65.1;4.298;1.65;31.8;76.3;21.1;24.8;11.6;42.2;555.8;0;0;11.79;75.6;0;6.3;73.6;16.3;1.7;87;2.8;150.2;0;não aplicável;não aplicável;88;não aplicável;26.91;43.1;0.3;30;63.1;não aplicável;não aplicável;5.19;0;0;0;0;0;18.6;0;0;1.2
67;Bela Vista;73.235;21.6;52.2;7.8;27.3;2.2;0;23.4;4.682;4.62;54.7;54;7.8;1.4;45.3;16.8;257.8;0;9.56;4.51;9.4;0.9;0.5;74.1;16.1;4;102.1;9.4;80;4.4;30;28;29;18;17.69;26.6;16.8;27;57.7;6.2;0;4.86;0.14;1.37;0;0;0;19.1;0;0.14;0
78;Belém;49.213;24.7;51.7;11.3;37.7;3.1;3.8;12.8;4.732;0.29;34.7;44;17.3;4.1;5.3;6.5;259.5;2.19;0;3.25;23.4;0.7;2;70.5;19.1;7.7;179.5;11.7;37.8;22.7;30;42;33;49;27.44;56.3;35.6;90;63.8;11;0;5.03;0;0;0;0;0;6.1;6.1;0;0.4
89;Bom Retiro;38.877;31.4;51.4;10.5;39.8;3;2.9;22.5;3.604;0.2;58.7;86.4;24.2;10.3;12.1;13.1;363.2;0;5.14;5.92;0;8.7;0.9;69.3;21.4;9.7;0;2.1;78.1;9.8;21;41;45;42;28.51;57.9;55.7;40;71.2;não aplicável;não aplicável;4.73;0;5.14;0;1.29;0;15.4;0;0;0.8
2;Brás;33.045;33.5;50.3;11.6;40;2.8;0.2;19.8;2.792;0.16;71.4;73.1;23;6.1;12.7;13.9;597.4;3.08;9.08;6.05;30.6;3.1;11.2;64.3;20.1;6.9;207.7;10.8;55.8;55.8;24;42;5;41;43.84;56.4;34.3;115;18.5;não aplicável;não aplicável;4.84;0;0;0;0;0;0;0;0;0
3;Brasilândia;281.977;50.6;52.1;11.6;47.6;3.2;25.4;0.5;2.090;0.04;0;25.1;4.6;4.6;2.5;1.9;232;0.93;0.71;0.82;39.4;0.2;1.9;62.3;19.3;12.9;82.1;10;157.6;30.4;44;40;57;126;44.54;96.9;72.4;49;95;9.4;0.01;4.92;0;1.06;0.04;0;0.04;0;0.71;0.071;0.2
4;Butantã;53.836;16.1;52.8;7;29.3;2.8;1.3;12.5;4.726;0.61;14.8;58.7;15.8;7.4;5.4;13;256.3;0;3.71;0.74;11.2;0;6.2;76.7;13.1;4.5;69.2;4.1;51.1;6.4;29;29;26;24;25.98;30.8;6.1;42;48.9;6.4;0;5.55;0.37;14.86;0;0.37;0.19;1.9;0;0.74;0.2
5;Cachoeirinha;146.387;43.3;52.1;10.6;44.5;3.1;20.2;1.1;2.837;0.07;0;35;7.4;3.4;2.2;2;207.7;0;0;1.3;20.1;0.2;2.7;65.1;20.9;11.7;53.7;8.2;130.8;56;34;37;47;56;48.9;76.8;59.8;50;85.3;8.2;0.02;5.02;0.07;2.05;0;0;0.07;1.4;0.68;0.14;0.1
6;Cambuci;40.667;21;53.4;8.5;35.2;2.8;0;12.1;3.763;0.23;5.5;80.6;13.5;2.5;7.6;7.4;297.8;0;0;2.21;27.4;2.5;4.1;72.8;19.9;4.1;0;10.7;67.3;16.8;não aplicável;não aplicável;não aplicável;não aplicável;36.24;51.5;33.2;45;35.8;não aplicável;não aplicável;5.23;0;0;0;0;0;0;0;0;0.5
7;Campo Belo;63.744;12.2;54;7.2;29.9;2.6;9.1;8.7;3.350;0.77;19.1;2.1;16;14.1;14.9;20.6;196.1;0;1.57;4.39;10;0;2.6;77.8;16.7;4.8;0;12.7;41.7;20.9;44;40;101;não aplicável;21.34;14.2;0.1;102;42.7;11.4;0;5.05;0;0;0;0;0;0;0;0;0.5
8;Campo Grande;106.722;22.3;53.3;7.5;34.8;2.8;3.8;4.6;4.578;0.46;2.4;16.4;15.3;10.3;4.5;5.4;229.8;0;0.94;2.25;4.9;0;1.6;71.8;17.9;4.5;28.9;8.3;87.4;6;50;32;40;27;27.89;23.9;4.7;106;52;9.3;0.02;5.34;0;0;0;0;0;0;0;0;0.7
9;Campo Limpo;228.893;47.9;52.1;9.9;43.5;3;22.1;1.1;2.737;0.13;12;37;5.2;7.4;3.8;2.1;227.3;0;0.44;0.66;28;0.3;2.8;63.5;18.9;8.4;19.5;11.7;86;13;10;30;30;40;16.62;100;89.6;67;83.7;11.1;0.14;5.02;0.04;3.06;0.04;0;0.04;1.3;0.44;0.17;0.6
10;Cangaíba;138.107;38.2;52.5;9.6;40.8;3.1;10.9;1.3;2.493;0.07;5.8;26.7;8.3;6.5;2.4;2.9;247.3;0;3.62;1.52;0;1.5;1.5;67.3;18.9;10;95.4;11.3;159.8;21.7;41;37;28;43;25.96;60.7;20.2;59;88.2;7.9;0;5.13;0;2.17;0.07;0;0.14;0.7;0;0.14;0.2
11;Capão Redondo;296.378;53.9;52.2;10.6;45.3;3;21.5;0.6;2.102;0.06;10.2;11.4;6.5;6.7;4.3;2;233.4;0.54;3.71;0.37;19.4;0.2;1.7;62.5;20.7;10.1;122.1;10.7;110;17;19;34;35;39;24.65;95.1;88.8;59;80.7;11.7;0.12;5.05;0;0.67;0.03;0;0;0;0;0.03;0.2
13;Carrão;84.925;17.3;53.2;7.1;33.3;2.9;2.5;3.8;2.088;0.2;0;53;12;7.1;4.4;4.1;82.6;0;0;1.88;6.2;0.4;2.8;74.4;17.1;4.2;124.7;9.6;72.8;28.3;38;23;51;56;19.14;36;0.4;36;59.7;8.6;0.36;5.46;0;1.18;0;0;0;0;0;0;0.2
14;Casa Verde;86.004;29.1;53.5;8.9;36.8;3;0.1;5;3.613;0.58;0;48.9;12.1;7;6.8;5.7;243;0;4.65;2.79;5.8;0.4;2.3;72.3;18.5;5.3;35.6;8.3;115.8;25.7;53;32;57;24;30.91;69.5;38.6;80;70.7;10;0;5.14;0;1.16;0;0.12;0;3.5;1.16;0;0.1
15;Cidade Ademar;285.677;50;52.4;10.4;43.4;3.1;16.4;1.2;3.082;0.16;0;1.1;5.6;5.6;4.9;2.1;195;0.23;1.05;0.91;13.5;0.2;2.5;65.4;17.6;10.5;48.8;10.6;156.6;21.4;37;44;48;31;46.39;91.1;46.9;123;87.1;11.5;0.02;4.93;0;0;0;0;0;0.4;0;0;0.1
16;Cidade Dutra;203.131;45.5;52.2;9.6;42.1;3.2;8.8;2.3;2.432;0.13;27.7;62;9.3;9.8;2.2;3;226.8;0.32;0.49;1.72;10.5;0.2;1.2;66.5;18.1;8.7;89;10.4;97.6;23.9;32;22;47;35;46.84;52.4;24.4;84;74.3;10.1;0.05;5.2;0;1.97;0;0;0.1;0;0;0.1;0.8
17;Cidade Líder;135.247;38.8;51.7;9.4;42;3.1;6.7;0.9;1.989;0.05;0;10.4;6;3.7;4;3;287.2;0;1.48;2.66;3.2;1;2;64.7;19.7;8.8;34.2;9.3;124.2;27.6;38;50;49;219;28.52;74.2;45.6;51;90.3;9.8;0.04;5.18;0;2.22;0.07;0;0.07;0;0;0.15;0.5
18;Cidade Tiradentes;235.630;56.1;52.2;10.7;49.1;3.1;4.2;0.8;4.523;0.04;0;17.9;4.1;3.4;1.7;1.1;204.1;0.27;1.27;1.44;14.2;0.1;3.3;58.3;18.2;13.1;75.9;10.5;154.4;42.6;31;34;53;202;45.86;66.9;50;24;97.8;9;0.01;5.02;0.08;5.09;0.04;0;0.13;0;0.42;0.17;0.2
19;Consolação;57.405;10.6;54.5;5.8;23;2;0;18.9;3.131;0.98;65.2;88.9;9.8;10.5;31.2;20.7;188.5;0;1.74;1.39;0;0;1.2;78.6;15.5;2.5;87;8.2;54.4;24.2;não aplicável;não aplicável;21;não aplicável;18.22;45.1;21.6;21;27.5;não aplicável;não aplicável;4.96;0;3.48;0;0.52;0;8.7;0;0.17;0.2
20;Cursino;113.728;24.6;53.3;7.9;34.2;2.9;6.4;3.6;3.307;0.25;10.1;22.5;8.2;5.3;4.1;4.3;209.3;0;0.88;0.88;14.3;0.3;1.2;74.7;18.4;6.1;0;1.7;98.5;9.2;29;49;35;75;22.44;48.4;23.5;41;68.5;18.2;0;5.12;0;0.88;0;0;0;1.8;0;0.09;0.1
21;Ermelino Matarazzo;118.715;43;51.8;9.6;42.5;3.1;8.7;3.7;7.157;0.05;12.9;60.7;5.6;1.7;3.3;2.6;225.7;0;0;1.52;25.2;1.7;0.8;65;20;9.6;0;11.1;136.2;31.7;34;36;51;82;25.93;96.1;78;51;73.8;7;0;5.08;0;0.84;0;0;0;0;0.84;0;0.4
22;Freguesia do Ó;140.083;29.9;52.9;8.7;37.2;3;4;1.7;2.898;0.17;0;70.8;10.2;5;4;3.1;278.5;0;2.14;1.71;41.2;0.2;3.6;69.6;18.2;7.3;160;13.1;118.6;25.8;31;39;51;15;34.83;80.8;34.4;61;73.2;9.7;0;5.25;0.14;2.86;0;0;0;0.7;0.71;0.07;0.9
24;Grajaú;390.096;56.8;51.5;11.1;47.8;3.2;13.8;0.6;2.573;0.05;3;2.3;4.7;3.8;0.6;1.5;245.7;0.33;1.03;0.9;19.8;0.7;1.5;60.4;15.8;11.8;67.6;9.5;145.5;31.5;24;35;49;não aplicável;42.57;100;88.7;100;94.7;9.7;0.01;5.08;0.03;1.79;0;0;0.08;0.8;0.26;0.08;0.3
25;Guaianases;109.730;51.5;51.6;11;47.2;3.1;3;1;2.814;0.03;6.9;0;7.4;7.3;2.1;1.7;315.7;9.55;4.56;1.09;10.7;0.9;4.9;62.9;19.3;11.5;73.4;11.8;161.6;25.7;38;27;49;não aplicável;38.68;82.7;66;17;87.7;7.9;0.03;5.09;0.09;1.82;0;0;0;0;0;0.09;0.1
27;Iguatemi;149.739;50.9;50.9;11.3;48.7;3.2;7.3;0.4;2.191;0.01;0;18.2;5.7;7.3;1;1.3;196.3;1.31;0;0.4;12.8;0;5.6;60.1;20.8;12;85.3;10;148.7;37.9;33;40;52;124;39.27;98.8;51.3;78;96.4;6.8;0.07;5.08;0;2;0;0;0.07;0;0;0.13;0.3
28;Ipiranga;112.222;22;53.3;8;34.7;2.8;3.3;8.6;3.280;0.44;34.5;64.3;10.7;2.7;5.6;5.5;191.3;0;1.78;1.25;4.7;0.3;4.2;74.3;17.2;6.8;74.1;9.5;107.9;12.3;34;53;40;68;22.82;57.6;27.7;34;64.3;10.9;0;5.13;0.09;4.46;0.09;0.18;0;2.7;0;0.09;0.4
29;Itaim Bibi;97.229;8.3;54;7;26.5;2.3;0.8;39.5;6.795;35;23;41.8;13.6;8.2;48.3;49.8;187.8;0;4.11;5.14;0;0;1.4;80.3;18.6;0.7;0;2.5;38.3;12.8;30;33;56;22;5.02;24.2;10.6;152;46.7;9.1;0;5.25;0.1;3.09;0;0;0.1;3.1;0;0.21;0.4
30;Itaim Paulista;234.912;54.8;51.9;10.5;46.8;3.2;6.4;1;2.238;0.05;6.4;0;3.9;6;3.2;1.7;189;0.55;0.43;0.43;16.4;1;2.4;62.6;18.1;11.9;58.8;11.3;129.3;32.3;35;30;60;193;37.52;65;47.2;62;91.5;7.2;0;5.07;0.04;1.7;0.04;0;0.04;0.4;0;0.09;0.2
31;Itaquera;211.555;45.7;52.2;9.8;43.4;3.2;6.1;1.5;4.813;0.12;11.2;20.7;7.7;9.5;5.2;3.6;355.2;0;5.2;2.69;7.9;0.5;1.9;64.5;18.7;9.9;53.7;11.9;136;24.7;43;30;50;84;23.64;50.9;21.8;44;78;9.2;0;5.2;0;1.42;0;0;0.05;0;0.47;0.14;0.1
32;Jabaquara;229.346;34.4;53;8.7;37.9;2.9;16.5;4.2;5.336;4.76;16.6;37.1;9.2;8.3;8.1;5;224.2;0;1.74;1.18;21.1;0.1;2.2;70.7;17.8;8;49;5.9;98.3;7.7;32;33;35;22;39.5;83.3;50.7;99;71.2;9.1;0.04;5.07;0.04;2.62;0.04;0.04;0.04;1.7;0;0.13;0.2
33;Jaçanã;96.054;35.8;52.6;8.6;40.9;3.2;31.4;2.6;2.603;0.06;0;34.7;12.9;22.9;2.8;2.4;214.2;0;4.16;1.15;18;0.7;5.6;67.3;13.5;12.1;162.9;9.4;158.8;35.7;33;25;48;200;42.24;61.8;28.2;88;76.3;7.7;0.03;5.07;0;1.04;0;0;0;0;1.04;0;0.2
35;Jaguara;23.950;25.8;52.4;8;34.7;3;1.1;13.1;5.643;0.24;0;28.3;18.8;41.8;3.1;5.8;282.6;0;0;0.84;0;0;2.8;72.3;16.4;8.6;0;7.2;105.1;60.1;20;35;39;não aplicável;15.73;100;100;56;94.2;8.3;0.08;5.37;0;0;0;0;0;0;0;0;1.3
36;Jaguaré;55.192;34.4;52;9;39.6;2.8;2.4;17.2;3.922;0.54;20;75.2;10.1;3.6;5.1;6;192.1;1.17;0;0.72;25.5;0;6.7;68.9;17.5;11.5;41.2;5.3;64.5;6.5;30;31;34;não aplicável;20.47;97.6;37.7;74;89.5;12;0;5.01;0;1.81;0;0;0;0;0;0.18;0.7
37;Jaraguá;212.819;47.3;51.8;10.4;45.9;3.2;8.3;0.8;3.646;0.15;13.5;13.8;6;8.9;1.4;1.9;227.1;0.3;1.41;1.36;30.1;0.2;2.7;61.1;18.4;11.7;67.2;17.2;124.6;30.7;24;37;40;158;38.07;97.2;69.9;56;89.1;10.1;0.02;5.05;0;1.41;0.05;0;0.05;0;0;0.05;0.2
38;Jardim Ângela;338.265;60.1;51.4;11;48.4;3.1;53.3;0.5;2.452;0.04;0;0;4.2;4.7;1.2;1.4;217.9;0.48;0.59;0.27;13.9;0.5;0.4;61.2;19.6;12.8;49.5;5.6;116.7;12.8;18;29;34;44;37.16;100;93.5;96;96.2;9.6;0.03;4.94;0;0.89;0;0;0;0;0;0.09;0.2
39;Jardim Helena;135.605;54.7;51.3;11.6;47.7;3.3;12.2;0.9;5.212;0.02;26.6;49.6;3.8;0.7;1.5;1;214.3;0;3.69;0.88;17.2;0.7;3.2;63.2;20.7;12.4;43;14;150.5;15;32;37;38;não aplicável;33.53;87.8;55.4;61;96.5;7.7;0.04;5.05;0;1.47;0;0;0;0.7;0;0.07;0.4
40;Jardim Paulista;90.719;8.5;54.8;6.5;24.3;2.1;0;13.5;4.489;2.44;49.8;60.1;11;2.2;39;26.6;221.5;0;6.61;4.96;0;0;2.2;80.4;15.9;0.3;0;4.2;24.8;7.1;não aplicável;10;não aplicável;não aplicável;7.33;6.4;não aplicável;62;4.2;não aplicável;não aplicável;5.39;0;0;0;0;0;4.4;0;0;0
41;Jardim São Luís;293.660;51.3;51.9;10.2;43.8;3;68.8;1.9;3.508;0.36;6.3;17.2;4.9;5.1;2.8;2.5;209.7;0;0;0.78;23;0.8;1;64.7;19.7;11.1;60.5;8;117.9;15.4;17;29;36;46;28.04;100;97.4;72;86.1;11.7;0.02;5.04;0.03;1.02;0;0;0.03;0.3;0;0.07;0.3
42;José Bonifácio;136.560;47.6;52.7;8.5;41.8;3;1.3;1.8;3.082;0.11;19.5;0;4.6;5.1;1;1.1;224.9;0;1.46;2.2;12.6;0.2;2.7;64.1;21.3;11.4;65.1;8.9;94.9;32.5;4;65;47;74;32.84;58.8;6.2;39;93.5;7.4;0.04;5.22;0.07;2.2;0;0;0;0;2.2;0.07;0.4
96;Lajeado;174.539;56.2;51.4;11.1;48.4;3.2;7.2;1.9;4.333;0.03;6.3;0;4.1;1.7;2.6;1.3;266.3;0;1.72;1.55;19.4;0;2.9;61.2;19.6;11.7;58;14;178.5;28.2;34;40;56;102;24.53;60.5;36.5;31;98.7;7.3;0;5.12;0;2.86;0;0;0.06;0;0.57;0.11;0.2
43;Lapa;67.170;10.7;53.7;6.8;29.4;2.6;0.5;19;3.722;1.66;30.7;42.4;14.6;8.9;8.3;12.7;237.2;1.01;0;1.94;0;0.5;2.5;77.9;17;1.2;0;4.1;53.8;4.9;34;31;53;23;10.72;21.9;0.2;47;40.6;não aplicável;não aplicável;5.34;0.15;7.44;0;0.15;0.3;19.4;0;0.3;0.4
44;Liberdade;72.797;17.9;53.5;7.7;30;2.4;0.3;6.5;4.505;0.52;41.6;50.5;8;5.5;17.3;8.7;233.2;0;8.24;4.81;8.4;1.4;0.9;71.8;15;4.5;0;14.1;77.8;18.3;29;28;48;não aplicável;20.22;27.6;17;25;36.3;15.8;0.28;4.89;0.14;8.24;0;0;0.41;1.4;0;0.14;0.1
46;Limão;79.657;32.8;53.2;9.8;39.3;3.1;8.3;3.6;2.884;0.21;0;43.9;11.4;7.5;5;4;212.3;0;0;3.26;18;0;1.7;70.6;18.8;9.4;92;8.9;146.8;23.7;35;32;36;6;46.4;100;78.9;63;74.5;14.5;0;5.15;0;1.26;0;0;0;0;1.26;0;0.3
47;Mandaqui;109.228;24.3;53.1;7.9;35.7;2.9;3.1;2.3;3.572;0.13;0;57.8;8.9;5.5;2.9;3.5;191.6;0;0.92;2.93;22.5;0;0.9;71.8;18.6;6.9;31;12.2;96.4;24.9;32;40;70;281;24.06;33.8;6.4;76;67.3;10.4;0;5.35;0;0.92;0;0;0;0.9;1.83;0;0.3
48;Marsilac;8.426;48.6;49.5;8.7;47;3.2;2.7;6.8;2.636;não aplicável;0;0;7.1;0;0;4.7;249.8;0;23.74;0;0;0;7.9;65.5;10.6;15.7;0;9.3;149.6;49.9;10;40;45;14;38.8;100;100;158;100;não aplicável;não aplicável;5.18;0;0;0;0;0;0;0;0;0
26;Moema;89.382;5.8;54.2;6.1;26.5;2.3;0;9.5;3.666;2.69;40.3;87.2;9.1;3.4;21.6;21.9;135.9;0;0;4.59;0;0;1.9;79.5;16.7;0.3;40.8;6.6;27.6;0;21;47;36;21;5.11;13.4;0.1;81;19.6;8.3;0;5.41;0;4.48;0;0.22;0.11;0;0;0;0.3
49;Moóca;80.330;12.3;52.9;7.6;32.2;2.8;0.2;7.4;2.833;0.51;18.1;25.4;15.6;5;7.7;7.6;247;0;1.24;3.73;14.4;0.8;0.8;77.6;15.8;3.7;39.9;6.6;79.3;8.3;50;64;39;87;21.26;19.5;0.1;91;52.9;8.9;0.42;5.38;0;2.49;0;0.12;0.25;0;0;0.12;0.2
50;Morumbi;52.921;19.5;53.2;9.3;37.1;2.9;14.1;13.9;4.464;0.66;23.3;60.4;17.6;9.4;10.4;22.7;162.3;0;1.89;1.7;39.6;0;1.3;75.3;20.6;7.3;0;3.8;32.8;13.1;8;25;31;18;10.71;36.7;26.7;44;26.1;14.5;0;5.13;0;1.89;0;0.19;0;0;0;0.19;0
51;Parelheiros;153.598;56.6;51;11.8;50;3.2;8.3;0.5;2.341;0.03;0;9.7;6.1;6.5;0.2;1.7;300.1;2.58;0;0.26;12.3;0.4;2.4;59.2;15.1;12.2;51.8;11;164.3;45;30;42;54;18;29.21;100;100;91;96.3;8.2;0;5.09;0.07;1.95;0;0;0;0;0;0.13;0.2
52;Pari;19.069;34.7;52.4;11;40.9;3;2.1;11.8;2.323;0.77;2.4;100;28.8;26.2;12.5;17.8;433.1;0;0;1.57;0;1.8;0;68.9;20.6;9.7;0;14.7;125;20.8;16;33;35;26;39.87;100;80.9;106;61.6;8.7;0.19;5.13;0;5.24;0;0;0;0;0;0;1.6
53;Parque do Carmo;71.749;40.7;51.4;9.8;43.5;3.1;16.6;3.4;2.692;0.05;0;29.2;13;9.8;1.4;3.1;284.1;2.74;0;1.81;5.9;1.4;3.3;65.4;23.4;9.9;31.2;14.2;85.1;5.3;30;41;52;19;28.77;100;100;68;79.9;7.9;0.24;5.22;0;1.39;0;0;0;0;0;0;0.1
54;Pedreira;160.976;52.4;51.6;9.6;45;3.1;18.4;1.2;2.949;0.03;0;2.2;5.3;3.1;1.8;2;179.4;0.59;0;0.68;12.4;0.2;2.3;62.7;18.9;10.4;60;11.6;118.7;19;31;30;60;27;40.79;100;94.2;134;89.7;7.7;0.01;5.01;0;1.24;0;0;0.06;0;0;0.06;0.2
55;Penha;129.100;23.9;53.4;8;35.3;2.9;6.1;2.7;2.608;0.16;22.7;58.1;12.3;9.3;5.4;4.8;257.2;0.51;0;1.86;27.5;0.5;3.1;72.7;16.1;7.2;63.4;7.3;80.4;25;37;29;38;53;23.24;31.6;13.3;35;61.7;10.6;0;5.34;0.08;2.32;0;0;0.08;0.8;0.77;0.15;0.2
57;Perdizes;114.788;9.4;54.2;6.2;27.2;2.4;0;4.6;3.506;0.77;13.4;53.4;4.1;1.7;17.2;9.5;107.7;0;1.74;2.18;0;0;0.3;78.2;15.8;1.8;0;7.1;23;11.5;43;27;42;14;5.27;6.1;0;44;22.9;18.1;0;5.32;0;0;0;0.09;0;13.9;0;0;0.1
58;Perus;89.310;48.8;51.2;11.4;47.6;3.3;10.6;0.9;2.278;0.02;13.2;0;6.6;9;1;2.7;273.1;0;1.12;0.45;13.2;0.8;2.6;61.4;18.4;11.6;155.9;14.3;122.8;39.5;32;55;38;82;20.89;82.9;54.5;51;93.7;7.5;0.11;5.02;0;3.36;0;0;0.11;0;2.24;0.11;0.2
59;Pinheiros;65.909;11.1;54.8;6.3;25.5;2.3;0.1;21.8;5.220;5.71;57.7;76.1;14.7;4.6;24.2;30.5;231.1;0;4.55;7.89;11.2;0.5;1.5;79.5;16.5;0.3;0;5.2;38.5;24.1;15;28;47;não aplicável;8.05;22.2;18.9;129;30.1;13.9;0.48;5.55;0;1.52;0;0.3;0;12.1;0;0;0
60;Pirituba;171.232;31.3;52.4;8.8;38.6;3;6.8;3.5;4.363;0.17;21.2;12.6;7.5;4.7;3.8;3.8;261.3;0;1.75;1.4;30.3;0.4;2;68;16.1;7.8;49.3;9;126.6;21.1;29;39;46;41;22.37;71.2;51.9;62;72.4;13.6;0.12;5.18;0;0.58;0.12;0;0;0.6;0;0;0.4
61;Ponte Rasa;89.774;35.2;52.9;8.3;38.3;3.1;3.4;1.2;3.461;0.06;0;65.9;10.6;8.9;3.6;2.7;257.2;0;1.11;2.12;10.1;0;2.6;68.8;19;9.3;90.6;18.7;132.8;24.9;32;53;50;156;21.68;88.9;24.7;41;81.2;9.5;0.02;5.32;0;0;0;0;0;0;0;0;0.4
62;Raposo Tavares;107.426;46.5;52.5;10.6;43.5;3.1;11.2;1.8;2.810;0.08;0;32.9;6.6;4.7;2.2;2.5;251.8;1.5;7.45;1.77;32.7;0.3;8.1;64.8;20.2;9;0;12.2;90.5;24.4;9;28;37;37;28.01;100;86.7;76;92.6;8.6;0.01;5.05;0;1.86;0.09;0;0;2.8;0.93;0.09;0.3
63;República;61.832;30.2;49.8;8;28.6;2;0;23.2;4.908;2.52;88;98.7;23.3;9.7;42.98;16.7;429.7;0;22.64;9.38;0;2.2;1.6;67.9;17.3;7.5;57;7.1;101.3;25.3;não aplicável;27;23;não aplicável;30.65;41.3;31.5;3;56.1;não aplicável;não aplicável;4.81;0.49;14.56;0.16;0.16;0.65;24.3;4.85;0.32;0
64;Rio Pequeno;123.711;32.4;52.1;10.9;40.7;3;20.6;3.5;2.801;0.21;0;76.8;7.4;4.9;3.9;3;216;0.54;2.43;0.4;23.4;0;4.3;71.2;20.6;10.9;19.1;5.8;71.3;14.8;7;43;37;37;26.43;52.9;36.5;50;78;13.2;0.08;5.04;0;0;0;0;0;0;0;0;0.5
65;Sacomã;263.621;32;52.3;8.5;39;2.9;23.9;1.5;3.358;0.22;2.4;23.6;3.4;2.7;4.8;2.7;171.8;0;0.76;1.52;19.3;0.3;2.4;67.7;20.4;8.2;49.2;9;110;20.4;36;59;30;73;21.81;57.4;35.6;29;83.6;11.1;0.02;5.05;0;1.52;0.04;0;0.04;0;0;0.15;0.5
66;Santa Cecília;88.518;19.7;53.3;7.7;29.4;2.2;0;8.8;3.671;1.29;73.2;95.7;7.5;4.5;22.6;9.6;197.7;0.73;2.26;2.94;0;8.3;0.8;73.3;17.8;4.5;0;10.2;74.3;18.6;27;37;34;24;12.27;26;16.8;24;43.1;não aplicável;não aplicável;4.85;0;0;0;0.11;0;12.4;0;0;0.2
68;Santana;113.253;14.5;55.3;7.3;30.4;2.8;0.2;8.1;2.783;0.61;29.7;38.5;14;9.7;7.3;8.4;259;0.85;3.53;4.41;10.2;0;1.8;75.7;16.4;3.4;60.3;10.5;64.7;24.6;37;43;49;44;19.96;13.8;3.1;74;45.3;15.4;0.12;5.37;0;2.65;0;0;0.09;0.9;0;0.09;0.2
69;Santo Amaro;74.447;10.3;53.3;6.6;30.4;2.7;0.2;37.1;5.024;6.44;55.3;56.8;24.3;17.5;12.8;27.7;321;0;12.09;5.51;0;0.4;2.2;78.7;15.8;0.8;0;2.5;79.4;0;23;31;47;28;17.13;16.4;0;147;31.6;10.2;0.2;5.39;0.54;10.75;0;0;0.27;4;0;0.4;0.3
95;São Domingos;86.403;32;52.4;8.3;38.4;3;12.2;10.8;7.618;0.21;0;32.7;8.1;11.6;3.6;4.2;247.3;0;0;0.23;0;0.8;2.7;68.8;22.1;10.1;96.7;8.5;103.5;16.6;17;33;41;343;15.58;67.8;38.4;100;87.4;10.5;0.05;5.04;0;4.63;0;0;0.12;0;0;0.12;0.1
70;São Lucas;142.948;24.4;52.7;7.6;35.8;2.9;4.4;1.4;2.492;0.13;39;13.3;7.5;4.9;5.1;3.4;189.8;0;1.4;0.7;10.3;0.2;0.9;71.6;19.3;5.7;83.7;6;114.2;32.3;31;54;32;230;35.65;82.3;70.6;52;80.9;10.3;0.04;5.33;0;0.7;0;0;0;0.7;0;0;0.7
71;São Mateus;155.387;37.5;51.7;9.6;42.1;3.1;6.2;2.2;2.629;0.05;9.3;47.7;10.3;7.7;3.7;3;206.2;0.42;0.64;0.84;11;0.2;2.8;66.1;19.5;8.8;88.9;13.9;143.8;41.4;40;61;52;88;45.13;63;27.7;39;80.6;6.9;0.11;5.28;0.06;0.64;0.06;0;0;0;0;0.06;0.4
72;São Miguel;89.173;44.1;52.2;11.1;43.5;3.2;2.9;1.6;2.261;0.06;9.2;50.8;11;2.2;2.1;2;343.4;0.75;2.24;2.13;4.8;2.2;5.2;67.3;18;9.9;163.6;11.4;193.8;52.9;45;24;48;não aplicável;29.48;66.1;41.9;64;61.9;7;0.02;5.22;0.11;4.49;0;0;0;1.1;0;0.11;0.3
73;São Rafael;159.683;47.9;51;9.7;46.5;3.2;9.5;1.1;2.951;0.06;1.4;18.5;3.4;4.4;2.3;1.9;162.2;0;0.63;0.75;14.6;0.2;5.5;60.3;19.4;12.5;105.5;12;102.4;30.9;30;38;45;13;31.35;89.4;57.1;147;90.9;10.1;0.06;5.01;0.13;2.5;0;0;0.06;0;0;0.13;0.1
74;Sapopemba;289.759;41.7;51.9;9.6;42.6;3.1;19.2;1.1;4.549;0.06;34.7;44.9;6.4;4.5;3.2;1.5;204.2;0;1.38;1.04;14.5;0.3;3.1;65.6;22.7;11.3;70.4;13.9;143.3;31.8;37;39;32;186;39.24;100;84.6;90;91;8.4;0;5.06;0;1.38;0;0;0.03;0.3;0;0.07;0.2
75;Saúde;134.147;10.9;54.3;6.6;27.7;2.5;0.9;42.2;4.900;0.99;58.4;69.1;7.5;4.5;11.4;7.9;159.2;0.74;1.49;2.09;5;0.5;2;77.7;17.5;2.8;0;4.5;41.1;7.2;34;54;41;21;11.29;15.6;7.7;76;30.8;11.6;0;5.36;0;0;0;0;0;0.7;0;0;0
76;Sé;26.693;38.3;50.8;11.8;39.5;2.5;0;112;5.965;2.11;86.4;55.5;38.2;22.5;45.1;37.1;750.5;0;11.24;13.11;37.3;13.9;13.9;64.3;20.9;7.7;89;20.1;76.5;25.5;21;22;30;39;41.73;62.1;53;58;67.1;17;0.14;4.44;0;11.24;0;1.5;0;11.2;0;1.5;0
77;Socorro;36.033;21.5;53.4;7.7;33;2.9;6.2;12;3.720;0.22;17.7;76.1;24.7;13.9;1.8;5.8;324.3;2.78;0;0.56;15;0;0.9;74;15.6;7.3;96.9;5.8;58.2;9.7;31;34;33;7;24.69;25.2;0.9;68;65.5;13.2;0;5.3;0;2.78;0.28;0;0;0;0;0;1.1
79;Tatuapé;96.045;11.1;53.9;6.8;31.3;2.7;1;10.9;2.419;0.79;24.2;28.6;13.1;8.3;8.3;7.4;227.1;0;0;3.54;5.8;0;3.5;75.5;17.4;2.5;0;11.2;34.4;6.9;51;29;31;52;13.45;21.9;7.5;70;46.5;12.1;0;5.49;0;6.25;0;0.1;0;3.1;0;0.31;0.1
80;Tremembé;223.553;39.7;51.8;10.2;43.9;3.2;10.9;0.8;3.103;0.11;0;0;7.3;4;0.6;1.6;209.1;0;3.13;1.12;26.4;1.4;2.9;66;17.7;11;73.1;9;110.8;22.2;28;38;49;122;29.75;55.4;29.6;135;87.8;9.3;0;5.06;0.04;1.34;0.04;0;0.04;0;0;0.09;0.1
81;Tucuruvi;96.358;19.3;53.9;7.1;31.8;2.9;0.7;2;2.177;0.19;32.7;7.3;8.5;4.2;5.9;5.8;199.6;0;3.11;2.8;0;0;2.4;74.9;15.7;4.8;35.3;2.3;88.9;25.9;37;35;54;193;20.49;40.9;3.6;76;57.5;7.2;0;5.29;0;2.08;0;0;0;0;0;0;0.2
82;Vila Andrade;163.508;41.4;51.1;9.1;44.1;2.8;33.6;2.3;3.127;0.48;8.8;59.2;6.2;6.7;9;5.7;115.3;0;0;1.1;25.5;0;4.8;65.9;17.7;8.4;27.2;9.8;57.3;11;26;31;42;44;15.22;57.5;55;33;70.5;12.8;0.15;4.72;0;0.61;0;0;0;0;0;0.06;0.1
83;Vila Curuçá;153.500;51.2;51.7;9.8;45.3;3.1;6.5;0.7;2.951;0.04;5.5;11.5;3.8;1.3;3.1;1.9;263;1.26;0.65;0.78;17.8;0.2;2.8;65.1;20.1;9.9;30.4;10.9;142.1;48.2;39;37;55;114;27.33;100;100;56;90.3;8.1;0.01;5.13;0;1.95;0;0;0.07;0;0;0.07;0.5
84;Vila Formosa;94.100;20.4;53;7.4;34.7;3;0.9;4.3;2.184;0.15;0;53.6;9.1;4.3;6.8;5.4;49.4;0;0;0.64;5.3;0.4;0.7;72;19.2;6.4;36.1;12.6;111.5;19.2;30;45;39;109;24.39;51.9;33.9;52;65;12.9;0.09;5.31;0.11;4.25;0;0;0.11;0;0;0.11;0.4
85;Vila Guilherme;57.079;22;53.1;9.2;36.1;3;2.1;11.7;3.913;0.44;0.5;61.4;15.1;7;8.1;10.2;419.2;0;7.01;0.7;18.9;1.2;1.8;72.2;17.4;7.4;129.8;13.3;81.5;6.3;34;37;38;77;26.1;59.1;0.1;75;78.7;12.4;0.06;5.33;0.18;3.5;0;0;0;0;0;0.18;0.4
86;Vila Jacuí;145.836;49;51.8;8.7;43.6;3.1;4.8;1.1;3.266;0.16;0;61.4;9.1;13.7;3;1.7;230.1;0.87;1.37;0.62;18.9;0.5;1.8;64.4;21.2;11.6;49.8;10.7;165;18.3;35;28;39;17;24.01;97;81.8;62;89.8;7.2;0.08;5.13;0;1.37;0;0;0.07;0.7;0;0.07;0.2
87;Vila Leopoldina;45.092;14.4;50.3;7.2;33.4;2.7;4.5;15.8;3.496;0.82;24.2;60.1;16;17.7;5.9;9.1;164.7;0;6.65;3.1;12.4;0.7;3;74.6;12.7;3.1;65;14.2;86.4;6.6;26;18;41;14;12.52;38.6;37.9;97;60.9;16.1;0;5.96;0;0;0;0;0;6.7;0;0;0
88;Vila Maria;114.025;34;52.1;10.1;41.3;3;13.1;7.9;3.028;0.29;0;62.6;14.6;13.2;5.7;6;192.8;0;0.88;0.96;27.6;1.5;5.3;68.5;17.2;10.1;138.9;13.1;112.2;34;30;34;45;51;50.47;57;27.2;118;78.4;11.2;0.02;4.99;0;0.88;0;0;0;0.9;0;0;0.3
90;Vila Mariana;132.226;8.7;54.4;6.5;25.9;2.4;0.8;9.5;4.324;1.71;65;73.9;7;2.3;19.4;12.6;171.1;0;1.51;3.86;10.5;0;1;79;17.2;1.4;28.7;6.7;37.8;7.6;20;26;6;não aplicável;10.78;6.2;0;98;21.9;7;0;5.25;0;3.03;0.15;0.15;0.08;3;0;0.08;0.2
91;Vila Matilde;105.575;25.4;52.9;7.8;36.3;3;0.6;4.5;2.343;0.16;27.6;55.2;10.3;2.8;4.2;3.5;262.1;0;4.74;1.7;0;0;1.3;72.1;17.2;6.7;0;7.7;95.1;30.6;51;36;38;39;24.56;45.1;28;52;59.5;7;0.05;5.34;0;0;0;0;0;0.9;0.95;0;0.3
92;Vila Medeiros;123.456;34;53;9.2;38.9;3.1;3;1.6;2.798;0.08;0;22.9;8.2;2.4;3.6;2.3;329.2;1.08;0.81;0.89;22.6;0.3;1.3;69.8;19.7;10.2;112.9;11.5;150.6;12.5;29;37;53;15;48;58.7;13.9;70;82.3;13.6;0.06;5.11;0;0;0;0;0;0;0;0;0.2
93;Vila Prudente;104.686;19;52.9;7.5;33.9;2.8;5.3;3.3;2.719;0.22;22.7;43.8;11;7.6;4.5;4.1;199;0;1.91;0.29;14.9;0.3;6.7;72.5;21;4.8;55.4;8.7;101.2;16.9;43;49;37;270;29.43;53.2;17.5;24;58.4;9.1;0.16;5.21;0;0.96;0;0;0;1;0;0;0.5
94;Vila Sônia;121.663;27.9;52.4;9.2;38.5;3;23;3.3;2.829;0.33;2.2;30.7;7.2;4.1;6.2;5.1;186.1;0;0.82;0.66;28.2;0.3;3.3;71.8;17.9;5.6;71.3;3.7;74;8.9;17;29;40;199;16.69;54.8;25.3;43;65.1;7.6;0.4;5.07;0;0;0;0;0;0.8;0;0;0.4
